SET SQL_MODE="NO_AUTO_VALUE_ON_ZERO";
SET time_zone = "+00:00";

CREATE TABLE IF NOT EXISTS `Kolegij530` (
  `Kod_530` varchar(9) NOT NULL,
  `Ime_530` varchar(250) NOT NULL,
  `Semestar` int(5) NOT NULL,
  `Ects` int(5) NOT NULL,
  PRIMARY KEY (`Kod_530`)
) ENGINE=InnoDB  DEFAULT CHARSET=utf8;

INSERT INTO `Kolegij530` (`Kod_530`, `Ime_530`, `Semestar`, `Ects`) VALUES
('FEMY03', 'Matematika', 1, 7),
('FESY01', 'Informatika', 1, 5),
('FESR12', 'Tehničko crtanje i nacrtna geometrija 1', 1, 4),
('FETR01', 'Materijali', 1, 6),
('FESR02', 'Tehnička mehanika 1', 1, 6),
('FEOR02', 'Engleski jezik 1', 1, 2),
('FEMY02', 'Primijenjena matematika', 2, 5),
('FESR18', 'Tehničko crtanje i nacrtna geometrija 2', 2, 5),
('FESR03', 'Tehnička mehanika 2', 2, 7),
('FESR04', 'Mehanika materijala ', 2, 6),
('FETR02', 'Zavarivanje i srodni postupci', 2, 5),
('FEOR04', 'Engleski jezik 2', 2, 2),
('FETR12', 'Obrada odvajanjem i alatni strojevi', 3, 6),
('FESR20', 'Termodinamika', 3, 6),
('FENR01', 'Elektrotehnika', 3, 5),
('FESR14', 'Elementi strojeva 1', 3, 5),
('FESR21', 'Mehanika fluida', 3, 5),
('FESY03', 'Uvod u poduzetništvo', 3, 3),
('FESR15', 'Elementi strojeva 2', 4, 7),
('FESR22', 'Toplinski i hidraulički strojevi', 4, 7),
('FETR06', 'Planiranje i priprema proizvodnje', 4, 6),
('FETR05', 'Hidraulika i pneumatika', 4, 5),
('FETR04', 'Oblikovanje deformacijom', 4, 5),
('FETR13', 'Automatizacija industrijskih procesa', 5, 5),
('FESR10', 'Grijanje i klimatizacija', 5, 5),
('FESR19', 'Konstruiranje pomoću računala', 5, 5),
('FESR23', 'Metalne konstrukcije', 5, 5),
('FETR07', 'Mjerenja u tehnici', 5, 5),
('FETR08', 'Održavanje', 5, 5),
('FEYY03', 'Stručna praksa', 6, 10),
('FEYY02', 'Završni rad', 6, 10),
('FESS35', 'Brodski strojevi i uređaji', 7, 5),
('FETR10', 'Ekonomika i organizacija proizvodnje', 7, 5),
('FESL24', 'Energetska učinkovitost u zgradarstvu', 7, 5),
('FESR17', 'Obnovljivi izvori energije i zaštita okoliša', 7, 5),
('FETR15', 'Osnove tribologije', 7, 5),
('FETR16', 'Programiranje CNC strojeva', 7, 5),
('FESR24', 'Transport u industriji', 7, 5),
('FESR25', 'Vjetroturbinski i hibridni energetski sustavi', 7, 5),
('FESR16', 'Zaštita od buke i vibracija', 7, 5);

CREATE TABLE IF NOT EXISTS `Kolegij130` (
  `Kod_130` varchar(9) NOT NULL,
  `Ime_130` varchar(250) NOT NULL,
  `Semestar` int(5) NOT NULL,
  `Ects` int(5) NOT NULL,
  PRIMARY KEY (`Kod_130`)
) ENGINE=InnoDB  DEFAULT CHARSET=utf8;

INSERT INTO `Kolegij130` (`Kod_130`, `Ime_130`, `Semestar`, `Ects`) VALUES
('FEMX01', 'Matematika 1', 1, 7),
('FESC02', 'Mehanika 1', 1, 7),
('FETC01', 'Materijali 1', 1, 6),
('FEMC03', 'Fizika', 1, 4),
('FESC19', 'Inženjerska grafika 1', 1, 4),
('FEOC02', 'Engleski jezik 1', 1, 2),
('FEMX02', 'Matematika 2', 2, 7),
('FESC05', 'Mehanika materijala 1', 2, 6),
('FESC21', 'Mehanika 2', 2, 5),
('FETC02', 'Materijali 2', 2, 5),
('FESC20', 'Inženjerska grafika 2', 2, 4),
('FEOC03', 'Engleski jezik 2', 2, 3),
('FESC04', 'Mehanika 3', 3, 7),
('FESC06', 'Termodinamika 1', 3, 7),
('FEMC02', 'Matematika 3', 3, 6),
('FESC08', 'Mehanika materijala 2', 3, 5),
('FESC22', 'Analiza primjenom računala', 3, 5),
('FESC09', 'Termodinamika 2', 4, 7),
('FESC11', 'Mehanika fluida 1', 4, 7),
('FESC10', 'Elementi strojeva 1', 4, 7),
('FETC03', 'Tehnologija 1', 4, 6),
('FETC05', 'Ekonomika i organizacija', 4, 3),
('FESC12', 'Elementi strojeva 2', 5, 7),
('FESC13', 'Hidraulički strojevi', 5, 7),
('FESC14', 'Toplinski strojevi', 5, 6),
('FETC04', 'Tehnologija 2', 5, 6),
('FENC01', 'Elektrotehnika i elektronika', 5, 4),
('FETC06', 'Automatizacija industrijskih procesa', 6, 5),
('FETC13', 'Teorija i tehnika mjerenja', 6, 5),
('FEXX01', 'Završni rad', 6, 12),
('FESC15', 'Brodski strojevi i uređaji', 7, 4),
('FESC24', 'Metalne konstrukcije', 7, 4),
('FESC18', 'Dizajn industrijskih proizvoda', 7, 4),
('FETC12', 'Dizajn za proizvodnju', 7, 4),
('FEOC05', 'Vještine komuniciranja na engleskom jeziku', 7, 4),
('FEOC04', 'Osnove suvremenog govorništva', 7, 4),
('FETC11', 'Tribologija', 7, 4),
('FESR16', 'Zaštita od buke i vibracija', 7, 4),
('FETC14', 'Kontrola kvalitete', 7, 4),
('FEXX06', 'Stručna praksa', 7, 5),
('FETC16', 'Osnove CNC programiranja', 7, 5);

CREATE TABLE IF NOT EXISTS `Kolegij150` (
  `Kod_150` varchar(9) NOT NULL,
  `Ime_150` varchar(250) NOT NULL,
  `Semestar` int(5) NOT NULL,
  `Ects` int(5) NOT NULL,
  PRIMARY KEY (`Kod_150`)
) ENGINE=InnoDB  DEFAULT CHARSET=utf8;

INSERT INTO `Kolegij150` (`Kod_150`, `Ime_150`, `Semestar`, `Ects`) VALUES
('FEME03', 'Matematika 1', 1, 7),
('FESE10', 'Mehanika 1', 1, 7),
('FEMC01', 'Fizika', 1, 5),
('FESE11', 'Inženjerska grafika 1', 1, 4),
('FETE04', 'Materijali 1', 1, 4),
('FEOE02', 'Engleski jezik 1', 1, 3),
('FEME04', 'Matematika 2', 2, 7),
('FESE08', 'Mehanika 2', 2, 7),
('FEEE02', 'Osnove ekonomije', 2, 5),
('FESE12', 'Inženjerska grafika 2', 2, 4),
('FETE05', 'Materijali 2', 2, 4),
('FEOE03', 'Engleski jezik 2', 2, 3),
('FEEE03', 'Statistika', 3, 7),
('FEEE04', 'Osnove makroekonomije', 3, 6),
('FEEE05', 'Osnove mikroekonomije', 3, 6),
('FETE01', 'Tehnologija 1', 3, 6),
('FEEE11', 'Konstruiranje pomoću računala 1', 3, 5),
('FESE02', 'Mehanika materijala', 4, 7),
('FENE01', 'Elektrotehnika', 4, 6),
('FEEE06', 'Računovodstvo', 4, 6),
('FETE02', 'Tehnologija 2', 4, 6),
('FESE17', 'Analiza primjenom računala', 4, 5),
('FESE03', 'Elementi strojeva', 5, 6),
('FESE05', 'Termodinamika', 5, 6),
('FESE04', 'Dizajn industrijskih proizvoda', 5, 5),
('FEEE12', 'Menadžment', 5, 5),
('FETE03', 'Studij rada i vremena', 5, 4),
('FESE06', 'Uvod u informacijske sustave', 5, 4),
('FESE07', 'Mehanika fluida', 6, 6),
('FEEE09', 'Financije', 6, 4),
('FEXX01', 'Završni rad', 6, 12),
('FETC12', 'Dizajn za proizvodnju', 7, 4),
('FESE16', 'Eksperimentalne metode u tehnici', 7, 4),
('FETE12', 'Industrijsko vlasništvo', 7, 4),
('FETE10', 'Ispitivanje materijala', 7, 4),
('FESC24', 'Metalne konstrukcije', 7, 4),
('FETE06', 'Moderne tehnologije obrade materijala', 7, 4),
('FEEE08', 'Organizacija poslovnih sustava', 7, 4),
('FEOC04', 'Osnove suvremenog govorništva', 7, 4),
('FETE09', 'Tribologija', 7, 4),
('FEOC05', 'Vještine komuniciranja na engleskom jeziku', 7, 4),
('FESR16', 'Zaštita od buke i vibracija', 7, 5),
('FEXX06', 'Stručna praksa', 7, 5);

CREATE TABLE IF NOT EXISTS `Priznaje660` (
    `Kod530` varchar(9) NOT NULL,
    `Kod130` varchar(9) NOT NULL,
    PRIMARY KEY (`Kod530`, `Kod130`)
) ENGINE=InnoDB  DEFAULT CHARSET=utf8;

INSERT INTO `Priznaje660` (`Kod530`, `Kod130`) VALUES
('FEMY03', 'FEMX01'),
('FEMY03', 'FEMX02'),
('FESR12', 'FESC19'),
('FETR01', 'FETC01'),
('FETR01', 'FETC02'),
('FESR02', 'FESC02'),
('FEOR02', 'FEOC02'),
('FESR18', 'FESC20'),
('FESR03', 'FESC21'),
('FESR03', 'FESC04'),
('FESR04', 'FESC05'),
('FETR02', 'FETC03'),
('FEOR04', 'FEOC03'),
('FESR20', 'FESC06'),
('FESR20', 'FESC09'),
('FENR01', 'FENC01'),
('FESR14', 'FESC10'),
('FESR21', 'FESC11'),
('FESR15', 'FESC12'),
('FESR22', 'FESC13'),
('FESR22', 'FESC14'),
('FETR04', 'FETC04'),
('FETR13', 'FETC06'),
('FESR23', 'FESC24'),
('FETR07', 'FETC13'),
('FESS35', 'FESC15'),
('FETR16', 'FETC14'),
('FESR16', 'FESR16');

CREATE TABLE IF NOT EXISTS `Priznaje280` (
    `Kod150` varchar(9) NOT NULL,
    `Kod130` varchar(9) NOT NULL,
    PRIMARY KEY (`Kod150`, `Kod130`)
) ENGINE=InnoDB  DEFAULT CHARSET=utf8;

INSERT INTO `Priznaje280` (`Kod150`, `Kod130`) VALUES
('FEME03', 'FEMX01'),
('FESE10', 'FESC02'),
('FEMC01', 'FEMC03'),
('FESE11', 'FESC19'),
('FETE04', 'FETC01'),
('FEOE02', 'FEOC02'),
('FEME04', 'FEMX02'),
('FESE08', 'FESC21'),
('FESE08', 'FESC04'),
('FESE12', 'FESC20'),
('FETE05', 'FETC02'),
('FEOE03', 'FEOC03'),
('FETE01', 'FETC03'),
('FESE02', 'FESC05'),
('FENE01', 'FENC01'),
('FETE02', 'FETC04'),
('FESE17', 'FESC22'),
('FESE03', 'FESC10'),
('FESE03', 'FESC12'),
('FESE05', 'FESC06'),
('FESE04', 'FESC18'),
('FESE07', 'FESC11'),
('FEXX01', 'FEXX01'),
('FESC24', 'FESC24'),
('FEOC04', 'FEOC04'),
('FETE09', 'FETC11'),
('FEOC05', 'FEOC05'),
('FESR16', 'FESR16'),
('FEXX06', 'FEXX06');